{
  "execPath": "/Users/ryannyborg/.platformio/packages/toolchain-atmelavr/bin/avr-g++",
  "gccDefaultCFlags": "-fsyntax-only -std=gnu11 -fno-fat-lto-objects -g -Os -Wall -ffunction-sections -fdata-sections -flto -mmcu=atmega2560 -DF_CPU=16000000L -DPLATFORMIO=30300 -DARDUINO_ARCH_AVR -DARDUINO_AVR_MEGA2560 -DARDUINO=10617",
  "gccDefaultCppFlags": "-fsyntax-only -fno-exceptions -fno-threadsafe-statics -fpermissive -std=gnu++11 -g -Os -Wall -ffunction-sections -fdata-sections -flto -mmcu=atmega2560 -DF_CPU=16000000L -DPLATFORMIO=30300 -DARDUINO_ARCH_AVR -DARDUINO_AVR_MEGA2560 -DARDUINO=10617",
  "gccErrorLimit": 15,
  "gccIncludePaths": "/Users/ryannyborg/.platformio/packages/framework-arduinoavr/cores/arduino,/Users/ryannyborg/.platformio/packages/framework-arduinoavr/variants/mega,/Users/ryannyborg/Documents/Spring 2017/ECE372A/projects/final_demo_2/src,/Users/ryannyborg/.platformio/lib/Adafruit nRF8001_ID426,/Users/ryannyborg/.platformio/lib/Adafruit nRF8001_ID426/utility,/Users/ryannyborg/.platformio/packages/framework-arduinoavr/libraries/Adafruit_CircuitPlayground,/Users/ryannyborg/.platformio/packages/framework-arduinoavr/libraries/Adafruit_CircuitPlayground/utility,/Users/ryannyborg/.platformio/packages/framework-arduinoavr/libraries/Bridge/src,/Users/ryannyborg/.platformio/packages/framework-arduinoavr/libraries/EEPROM/src,/Users/ryannyborg/.platformio/packages/framework-arduinoavr/libraries/Esplora/src,/Users/ryannyborg/.platformio/packages/framework-arduinoavr/libraries/Ethernet/src,/Users/ryannyborg/.platformio/packages/framework-arduinoavr/libraries/Firmata,/Users/ryannyborg/.platformio/packages/framework-arduinoavr/libraries/Firmata/utility,/Users/ryannyborg/.platformio/packages/framework-arduinoavr/libraries/GSM/src,/Users/ryannyborg/.platformio/packages/framework-arduinoavr/libraries/HID/src,/Users/ryannyborg/.platformio/packages/framework-arduinoavr/libraries/Keyboard/src,/Users/ryannyborg/.platformio/packages/framework-arduinoavr/libraries/LiquidCrystal/src,/Users/ryannyborg/.platformio/packages/framework-arduinoavr/libraries/Mouse/src,/Users/ryannyborg/.platformio/packages/framework-arduinoavr/libraries/RobotIRremote/src,/Users/ryannyborg/.platformio/packages/framework-arduinoavr/libraries/Robot_Control/src,/Users/ryannyborg/.platformio/packages/framework-arduinoavr/libraries/Robot_Motor/src,/Users/ryannyborg/.platformio/packages/framework-arduinoavr/libraries/SD/src,/Users/ryannyborg/.platformio/packages/framework-arduinoavr/libraries/SPI/src,/Users/ryannyborg/.platformio/packages/framework-arduinoavr/libraries/SPI1/src,/Users/ryannyborg/.platformio/packages/framework-arduinoavr/libraries/Scheduler/src,/Users/ryannyborg/.platformio/packages/framework-arduinoavr/libraries/Servo/src,/Users/ryannyborg/.platformio/packages/framework-arduinoavr/libraries/SoftwareSerial/src,/Users/ryannyborg/.platformio/packages/framework-arduinoavr/libraries/SpacebrewYun/src,/Users/ryannyborg/.platformio/packages/framework-arduinoavr/libraries/Stepper/src,/Users/ryannyborg/.platformio/packages/framework-arduinoavr/libraries/TFT/src,/Users/ryannyborg/.platformio/packages/framework-arduinoavr/libraries/Temboo/src,/Users/ryannyborg/.platformio/packages/framework-arduinoavr/libraries/USBHost/src,/Users/ryannyborg/.platformio/packages/framework-arduinoavr/libraries/WiFi/src,/Users/ryannyborg/.platformio/packages/framework-arduinoavr/libraries/Wire/src,/Users/ryannyborg/.platformio/packages/framework-arduinoavr/libraries/Wire1/src,/Users/ryannyborg/.platformio/packages/toolchain-atmelavr/avr/include,/Users/ryannyborg/.platformio/packages/toolchain-atmelavr/lib/gcc/avr/4.9.2/include,/Users/ryannyborg/.platformio/packages/toolchain-atmelavr/lib/gcc/avr/4.9.2/include-fixed",
  "gccSuppressWarnings": false
}
